{"cameraMode":{"drawMode":0,"name":"Shaded","section":"Shading Mode"},"sceneLighting":false,"audioPlay":false,"sceneViewState":{"showFog":true,"showMaterialUpdate":false,"showSkybox":false,"showFlares":true,"showImageEffects":true,"showParticleSystems":true},"in2DMode":false,"pivot":{"x":0.0,"y":0.17499741911888123,"z":0.1000000536441803},"rotation":{"x":0.21979334950447083,"y":-0.6335763931274414,"z":0.1945287138223648,"w":0.7158548831939697},"size":1.4596675634384156,"orthographic":true}