{"cameraMode":{"drawMode":0,"name":"Shaded","section":"Shading Mode"},"sceneLighting":true,"audioPlay":false,"sceneViewState":{"showFog":true,"showMaterialUpdate":false,"showSkybox":true,"showFlares":true,"showImageEffects":true,"showParticleSystems":true},"in2DMode":false,"pivot":{"x":-6.657876968383789,"y":-27.659912109375,"z":27.337173461914064},"rotation":{"x":0.301294207572937,"y":-0.2763986587524414,"z":0.09171737730503082,"w":0.9079735279083252},"size":44.415611267089847,"orthographic":true}