{"cameraMode":{"drawMode":0,"name":"Shaded","section":"Shading Mode"},"sceneLighting":true,"audioPlay":false,"sceneViewState":{"showFog":true,"showMaterialUpdate":false,"showSkybox":true,"showFlares":true,"showImageEffects":true,"showParticleSystems":true},"in2DMode":false,"pivot":{"x":-51.41184616088867,"y":5.620141983032227,"z":50.88861083984375},"rotation":{"x":0.006255275569856167,"y":-0.6672192811965942,"z":0.005603311117738485,"w":0.7448153495788574},"size":73.86141204833985,"orthographic":true}