{"cameraMode":{"drawMode":0,"name":"Shaded","section":"Shading Mode"},"sceneLighting":true,"audioPlay":false,"sceneViewState":{"showFog":true,"showMaterialUpdate":false,"showSkybox":true,"showFlares":true,"showImageEffects":true,"showParticleSystems":true},"in2DMode":false,"pivot":{"x":-28.529190063476564,"y":5.9333953857421879,"z":25.151342391967775},"rotation":{"x":0.19990190863609315,"y":-0.5764853954315186,"z":0.14805789291858674,"w":0.7783332467079163},"size":32.8604736328125,"orthographic":true}