{"cameraMode":{"drawMode":0,"name":"Shaded","section":"Shading Mode"},"sceneLighting":true,"audioPlay":false,"sceneViewState":{"showFog":true,"showMaterialUpdate":false,"showSkybox":true,"showFlares":true,"showImageEffects":true,"showParticleSystems":true},"in2DMode":false,"pivot":{"x":-3.768218994140625,"y":8.139595031738282,"z":17.889881134033204},"rotation":{"x":-0.1757579892873764,"y":0.6066629886627197,"z":-0.13979472219944,"w":-0.762611448764801},"size":36.94139862060547,"orthographic":true}