{"cameraMode":{"drawMode":0,"name":"Shaded","section":"Shading Mode"},"sceneLighting":true,"audioPlay":false,"sceneViewState":{"showFog":true,"showMaterialUpdate":false,"showSkybox":true,"showFlares":true,"showImageEffects":true,"showParticleSystems":true},"in2DMode":false,"pivot":{"x":10.702691078186036,"y":8.336206436157227,"z":-0.6051371693611145},"rotation":{"x":0.10708791762590409,"y":-0.47671017050743105,"z":0.058641038835048679,"w":0.8705416917800903},"size":6.179017543792725,"orthographic":true}