{"cameraMode":{"drawMode":0,"name":"Shaded","section":"Shading Mode"},"sceneLighting":true,"audioPlay":false,"sceneViewState":{"showFog":true,"showMaterialUpdate":false,"showSkybox":true,"showFlares":true,"showImageEffects":true,"showParticleSystems":true},"in2DMode":false,"pivot":{"x":-44.53577423095703,"y":-7.836433410644531,"z":30.543846130371095},"rotation":{"x":0.2993321716785431,"y":-0.3763575851917267,"z":0.12992075085639954,"w":0.8671092391014099},"size":79.05854797363281,"orthographic":true}