{"cameraMode":{"drawMode":0,"name":"Shaded","section":"Shading Mode"},"sceneLighting":true,"audioPlay":false,"sceneViewState":{"showFog":true,"showMaterialUpdate":false,"showSkybox":true,"showFlares":true,"showImageEffects":true,"showParticleSystems":true},"in2DMode":false,"pivot":{"x":9.626015663146973,"y":11.368234634399414,"z":-16.928146362304689},"rotation":{"x":0.25961366295814516,"y":-0.47452598810195925,"z":0.14881710708141328,"w":0.8278166651725769},"size":30.960031509399415,"orthographic":true}