{"cameraMode":{"drawMode":0,"name":"Shaded","section":"Shading Mode"},"sceneLighting":true,"audioPlay":false,"sceneViewState":{"showFog":true,"showMaterialUpdate":false,"showSkybox":true,"showFlares":true,"showImageEffects":true,"showParticleSystems":true},"in2DMode":false,"pivot":{"x":-14.222333908081055,"y":4.405670166015625,"z":35.047332763671878},"rotation":{"x":0.3390689790248871,"y":-0.28419923782348635,"z":0.10823488980531693,"w":0.8902690410614014},"size":24.20302963256836,"orthographic":true}